<beans xmlns="http://www.springframework.org/schema/beans"
	xmlns:xsi="http://www.w3.org/2001/XMLSchema-instance" xmlns:context="http://www.springframework.org/schema/context"
	xsi:schemaLocation="http://www.springframework.org/schema/beans
     http://www.springframework.org/schema/beans/spring-beans-4.0.xsd
     http://www.springframework.org/schema/context
     http://www.springframework.org/schema/context/spring-context-4.0.xsd">
  
     <bean id="emp" class="com.cg.springlab.dto.Employee">
     <constructor-arg index="0" value="12345"></constructor-arg>
     <constructor-arg type="String" value="Harriet"></constructor-arg>
     <constructor-arg index="2" value="40000.0"></constructor-arg>
     <constructor-arg index="3" value="PES-BU"></constructor-arg>
     <constructor-arg index="4" value="30"></constructor-arg>
     </bean>
</beans>